{"cameraMode":{"drawMode":0,"name":"Shaded","section":"Shading Mode"},"sceneLighting":false,"audioPlay":false,"sceneViewState":{"m_AlwaysRefresh":false,"showFog":false,"showSkybox":false,"showFlares":false,"showImageEffects":false,"showParticleSystems":false,"showVisualEffectGraphs":true,"m_FxEnabled":true},"in2DMode":false,"pivot":{"x":-9.313225746154786e-10,"y":0.015211646445095539,"z":-0.0014345897361636162},"rotation":{"x":-0.009714786894619465,"y":0.9672385454177856,"z":-0.2509056329727173,"w":-0.037449754774570468},"size":0.020172782242298127,"orthographic":false}