{"cameraMode":{"drawMode":0,"name":"Shaded","section":"Shading Mode"},"sceneLighting":true,"audioPlay":false,"sceneViewState":{"m_AlwaysRefresh":false,"showFog":true,"showSkybox":true,"showFlares":true,"showImageEffects":true,"showParticleSystems":true,"showVisualEffectGraphs":true,"m_FxEnabled":true},"in2DMode":false,"pivot":{"x":0.9980604648590088,"y":2.0599896907806398,"z":0.8070156574249268},"rotation":{"x":-0.08314073830842972,"y":0.9168583750724793,"z":-0.27491337060928347,"w":-0.27730074524879458},"size":2.325718402862549,"orthographic":false}